{
  "bidang": [
    {
      "kode_bidang": "01",
      "nama_bidang": "Kurikulum"
    },
    {
      "kode_bidang": "02",
      "nama_bidang": "Kesiswaan"
    },
    {
      "kode_bidang": "03",
      "nama_bidang": "Sarana dan Prasarana"
    },
    {
      "kode_bidang": "04",
      "nama_bidang": "Pendidik dan Tenaga Kependidikan"
    },
    {
      "kode_bidang": "05",
      "nama_bidang": "Pembiayaan"
    },
    {
      "kode_bidang": "06",
      "nama_bidang": "Budaya dan Lingkungan Sekolah"
    },
    {
      "kode_bidang": "07",
      "nama_bidang": "Peran Serta Masyarakat dan Kemitraan"
    },
    {
      "kode_bidang": "08",
      "nama_bidang": "Rencana Kerja dan Evaluasi Sekolah"
    }
  ],
  "standar": [
    {
      "kode_standar": "1",
      "nama_standar": "Pengembangan Standar Kompetensi Lulusan"
    },
    {
      "kode_standar": "2",
      "nama_standar": "Pengembangan Standar Isi"
    },
    {
      "kode_standar": "3",
      "nama_standar": "Pengembangan Standar Proses"
    },
    {
      "kode_standar": "4",
      "nama_standar": "Pengembangan Standar Penilaian"
    },
    {
      "kode_standar": "5",
      "nama_standar": "Pengembangan Standar Pendidik dan Tenaga Kependidikan"
    },
    {
      "kode_standar": "6",
      "nama_standar": "Pengembangan Standar Sarana dan Prasarana"
    },
    {
      "kode_standar": "7",
      "nama_standar": "Pengembangan Standar Pengelolaan"
    },
    {
      "kode_standar": "8",
      "nama_standar": "Pengembangan Standar Pembiayaan"
    }
  ],
  "dana": [
    {
      "kode_dana": "3.02.01",
      "nama_dana": "BOP Alokasi Dasar"
    },
    {
      "kode_dana": "3.02.02",
      "nama_dana": "BOP Kinerja"
    },
    {
      "kode_dana": "3.02.03",
      "nama_dana": "BOS Reguler"
    },
    {
      "kode_dana": "3.02.04",
      "nama_dana": "BOS Kinerja"
    },
    {
      "kode_dana": "3.02.05",
      "nama_dana": "DAK Fisik"
    },
    {
      "kode_dana": "3.02.06",
      "nama_dana": "DAK Non Fisik"
    },
    {
      "kode_dana": "3.02.07",
      "nama_dana": "Bantuan Pemerintah Daerah"
    },
    {
      "kode_dana": "3.02.08",
      "nama_dana": "Sumbangan Masyarakat"
    }
  ],
  "activities": [
    {
      "kode_bidang": "01",
      "kode_standar": "2",
      "kode_giat": "01.3.02.01.2.001",
      "nama_giat": "Pengembangan Perpustakaan",
      "subtitle": "Pengadaan buku dan peralatan perpustakaan untuk mendukung pembelajaran",
      "kode_dana": "3.02.01",
      "tw1": 5000000,
      "tw2": 3000000,
      "tw3": 2000000,
      "tw4": 1000000,
      "tahun": 2024,
      "status": "approved"
    },
    {
      "kode_bidang": "01",
      "kode_standar": "2",
      "kode_giat": "01.3.02.01.2.002",
      "nama_giat": "Pengembangan Laboratorium",
      "subtitle": "Pengadaan alat dan bahan laboratorium IPA",
      "kode_dana": "3.02.01",
      "tw1": 8000000,
      "tw2": 5000000,
      "tw3": 3000000,
      "tw4": 2000000,
      "tahun": 2024,
      "status": "approved"
    },
    {
      "kode_bidang": "02",
      "kode_standar": "1",
      "kode_giat": "02.3.02.01.1.001",
      "nama_giat": "Kegiatan Ekstrakurikuler",
      "subtitle": "Pengembangan bakat dan minat siswa melalui kegiatan ekstrakurikuler",
      "kode_dana": "3.02.03",
      "tw1": 3000000,
      "tw2": 2000000,
      "tw3": 2000000,
      "tw4": 1000000,
      "tahun": 2024,
      "status": "submitted"
    },
    {
      "kode_bidang": "03",
      "kode_standar": "6",
      "kode_giat": "03.3.02.01.6.001",
      "nama_giat": "Pemeliharaan Gedung",
      "subtitle": "Pemeliharaan dan perbaikan gedung sekolah",
      "kode_dana": "3.02.01",
      "tw1": 10000000,
      "tw2": 8000000,
      "tw3": 5000000,
      "tw4": 7000000,
      "tahun": 2024,
      "status": "draft"
    },
    {
      "kode_bidang": "04",
      "kode_standar": "5",
      "kode_giat": "04.3.02.01.5.001",
      "nama_giat": "Pelatihan Guru",
      "subtitle": "Peningkatan kompetensi guru melalui pelatihan dan workshop",
      "kode_dana": "3.02.02",
      "tw1": 4000000,
      "tw2": 3000000,
      "tw3": 3000000,
      "tw4": 2000000,
      "tahun": 2024,
      "status": "approved"
    }
  ]
}
